state/ut,3-to-2-ratio
30,1.9258072813150326
3,1.5042161745955236
4,1.2482660763507933
10,0.1115822158623265
5,0.11963687645467899
9,0.12744829503431718
